{"cameraMode":{"drawMode":0,"name":"Shaded","section":"Shading Mode"},"sceneLighting":false,"audioPlay":false,"sceneViewState":{"m_AlwaysRefresh":false,"showFog":true,"showSkybox":false,"showFlares":true,"showImageEffects":true,"showParticleSystems":true,"showVisualEffectGraphs":true,"m_FxEnabled":true},"in2DMode":false,"pivot":{"x":268.26654052734377,"y":222.16671752929688,"z":-7.702922821044922},"rotation":{"x":0.02388514205813408,"y":-0.09671862423419953,"z":0.002321683568879962,"w":0.9950231909751892},"size":12.461819648742676,"orthographic":true}