{"cameraMode":{"drawMode":0,"name":"Shaded","section":"Shading Mode"},"sceneLighting":false,"audioPlay":false,"sceneViewState":{"m_AlwaysRefresh":false,"showFog":true,"showSkybox":true,"showFlares":true,"showImageEffects":true,"showParticleSystems":true,"showVisualEffectGraphs":true,"m_FxEnabled":true},"in2DMode":false,"pivot":{"x":0.9662196636199951,"y":5.537728786468506,"z":-159.2986602783203},"rotation":{"x":-0.05468133091926575,"y":0.16843241453170777,"z":-0.009346417151391507,"w":-0.9842095375061035},"size":7.063126087188721,"orthographic":false}