{"cameraMode":{"drawMode":0,"name":"Shaded","section":"Shading Mode"},"sceneLighting":false,"audioPlay":false,"sceneViewState":{"m_AlwaysRefresh":false,"showFog":true,"showSkybox":true,"showFlares":true,"showImageEffects":true,"showParticleSystems":true,"showVisualEffectGraphs":true,"m_FxEnabled":true},"in2DMode":false,"pivot":{"x":-0.45192980766296389,"y":3.2737605571746828,"z":4.9924445152282719},"rotation":{"x":0.02388514205813408,"y":-0.09671862423419953,"z":0.002321683568879962,"w":0.9950231909751892},"size":4.668284893035889,"orthographic":false}