{"cameraMode":{"drawMode":0,"name":"Shaded","section":"Shading Mode"},"sceneLighting":false,"audioPlay":false,"sceneViewState":{"m_AlwaysRefresh":false,"showFog":true,"showSkybox":true,"showFlares":true,"showImageEffects":true,"showParticleSystems":true,"showVisualEffectGraphs":true,"m_FxEnabled":true},"in2DMode":false,"pivot":{"x":-0.4189857244491577,"y":4.3070220947265629,"z":4.8958258628845219},"rotation":{"x":-0.05468133091926575,"y":0.16843241453170777,"z":-0.009346417151391507,"w":-0.9842095375061035},"size":2.2574586868286135,"orthographic":false}