{"cameraMode":{"drawMode":0,"name":"Shaded","section":"Shading Mode"},"sceneLighting":false,"audioPlay":false,"sceneViewState":{"m_AlwaysRefresh":false,"showFog":true,"showSkybox":true,"showFlares":true,"showImageEffects":true,"showParticleSystems":true,"showVisualEffectGraphs":true,"m_FxEnabled":true},"in2DMode":false,"pivot":{"x":-2.0715012550354006,"y":6.267070770263672,"z":-148.07559204101563},"rotation":{"x":-0.03898974508047104,"y":-0.0044965618290007118,"z":-0.00017545501759741455,"w":0.9992295503616333},"size":8.858390808105469,"orthographic":false}