{"cameraMode":{"drawMode":0,"name":"Shaded","section":"Shading Mode"},"sceneLighting":false,"audioPlay":false,"sceneViewState":{"m_AlwaysRefresh":false,"showFog":true,"showSkybox":true,"showFlares":true,"showImageEffects":true,"showParticleSystems":true,"showVisualEffectGraphs":true,"m_FxEnabled":true},"in2DMode":false,"pivot":{"x":1265.9501953125,"y":146.82582092285157,"z":-10.48687744140625},"rotation":{"x":0.09881952404975891,"y":0.019403276965022088,"z":-0.0019272110657766462,"w":0.9949144721031189},"size":1074.3094482421875,"orthographic":false}