{"cameraMode":{"drawMode":0,"name":"Shaded","section":"Shading Mode"},"sceneLighting":false,"audioPlay":false,"sceneViewState":{"m_AlwaysRefresh":false,"showFog":true,"showSkybox":true,"showFlares":true,"showImageEffects":true,"showParticleSystems":true,"showVisualEffectGraphs":true,"m_FxEnabled":true},"in2DMode":false,"pivot":{"x":0.8670340180397034,"y":3.653109073638916,"z":15.80241584777832},"rotation":{"x":0.12267762422561646,"y":-0.01577751897275448,"z":0.0019531508442014457,"w":0.992339551448822},"size":12.73707103729248,"orthographic":false}