{"cameraMode":{"drawMode":0,"name":"Shaded","section":"Shading Mode"},"sceneLighting":false,"audioPlay":false,"sceneViewState":{"m_AlwaysRefresh":false,"showFog":true,"showSkybox":true,"showFlares":true,"showImageEffects":true,"showParticleSystems":true,"showVisualEffectGraphs":true,"m_FxEnabled":true},"in2DMode":false,"pivot":{"x":-0.32024872303009035,"y":1.6315491199493409,"z":0.7543542385101318},"rotation":{"x":0.08835916221141815,"y":0.023904375731945039,"z":-0.0021209116093814375,"w":0.995801568031311},"size":1.1364998817443848,"orthographic":false}