{"cameraMode":{"drawMode":0,"name":"Shaded","section":"Shading Mode"},"sceneLighting":false,"audioPlay":false,"sceneViewState":{"m_AlwaysRefresh":false,"showFog":true,"showSkybox":true,"showFlares":true,"showImageEffects":true,"showParticleSystems":true,"showVisualEffectGraphs":true,"m_FxEnabled":true},"in2DMode":false,"pivot":{"x":-0.5528429746627808,"y":4.450542449951172,"z":8.889738082885743},"rotation":{"x":-0.08980362862348557,"y":-0.04091460630297661,"z":0.0036922337021678688,"w":-0.9951230883598328},"size":16.912254333496095,"orthographic":false}