{"cameraMode":{"drawMode":0,"name":"Shaded","section":"Shading Mode"},"sceneLighting":false,"audioPlay":false,"sceneViewState":{"m_AlwaysRefresh":false,"showFog":true,"showSkybox":true,"showFlares":true,"showImageEffects":true,"showParticleSystems":true,"showVisualEffectGraphs":true,"m_FxEnabled":true},"in2DMode":false,"pivot":{"x":-3.9541854858398439,"y":-7.236627578735352,"z":16.62743377685547},"rotation":{"x":0.30282437801361086,"y":-0.11259148269891739,"z":0.03605325520038605,"w":0.9456887245178223},"size":17.827930450439454,"orthographic":false}