{"cameraMode":{"drawMode":0,"name":"Shaded","section":"Shading Mode"},"sceneLighting":false,"audioPlay":false,"sceneViewState":{"m_AlwaysRefresh":false,"showFog":true,"showSkybox":true,"showFlares":true,"showImageEffects":true,"showParticleSystems":true,"showVisualEffectGraphs":true,"m_FxEnabled":true},"in2DMode":false,"pivot":{"x":86.93914794921875,"y":47.004783630371097,"z":31.068897247314454},"rotation":{"x":0.12134630978107453,"y":-0.051782168447971347,"z":0.006335728336125612,"w":0.9912682771682739},"size":32.070892333984378,"orthographic":false}