{"cameraMode":{"drawMode":0,"name":"Shaded","section":"Shading Mode"},"sceneLighting":false,"audioPlay":false,"sceneViewState":{"m_AlwaysRefresh":false,"showFog":true,"showSkybox":false,"showFlares":true,"showImageEffects":true,"showParticleSystems":true,"showVisualEffectGraphs":true,"m_FxEnabled":true},"in2DMode":false,"pivot":{"x":0.7385480403900147,"y":1.033306360244751,"z":2.1032371520996095},"rotation":{"x":-0.14308182895183564,"y":0.8369075059890747,"z":-0.26054611802101138,"w":-0.45959725975990298},"size":6.651100158691406,"orthographic":false}